[00401288],0.000000,464.939723,0.000000,15.256570,chanfilter,,0
[004012F5],0.000000,464.939723,0.000000,15.256570,chanfilter,,0
[0040169B],0.000000,464.939723,0.000000,15.256570,chanfilter,,0
[0040184E],0.016935,0.016935,0.000556,0.000556,chanfilter,,0
[0040185B],0.065182,0.065182,0.002139,0.002139,chanfilter,,0
[004018AD],0.009129,0.009129,0.000300,0.000300,chanfilter,,0
[004018B9],0.000000,7.617338,0.000000,0.249956,chanfilter,,0
[004018BC],0.011993,0.011993,0.000394,0.000394,chanfilter,,0
[004018BF],0.002986,0.002986,0.000098,0.000098,chanfilter,,0
[004018D5],0.000000,17.581865,0.000000,0.576933,chanfilter,,0
[0040191D],0.000000,0.041954,0.000000,0.001377,chanfilter,,0
[00401922],0.003040,0.003040,0.000100,0.000100,chanfilter,,0
[0040192E],0.000000,266.618535,0.000000,8.748842,chanfilter,,0
[00401931],0.042011,0.042011,0.001379,0.001379,chanfilter,,0
[00401934],0.092060,0.092060,0.003021,0.003021,chanfilter,,0
[00401943],0.052200,0.052200,0.001713,0.001713,chanfilter,,0
[0040194F],0.006315,0.006315,0.000207,0.000207,chanfilter,,0
[00401954],0.041755,0.041755,0.001370,0.001370,chanfilter,,0
[00401961],0.069913,0.069913,0.002294,0.002294,chanfilter,,0
[00401966],0.064272,0.064272,0.002109,0.002109,chanfilter,,0
[004019CE],0.003007,0.003007,0.000099,0.000099,chanfilter,,0
[004019DA],0.012043,0.012043,0.000395,0.000395,chanfilter,,0
[004019EC],0.003036,0.003036,0.000100,0.000100,chanfilter,,0
[004019F3],0.000000,0.003011,0.000000,0.000099,chanfilter,,0
[004019FE],0.004952,0.004952,0.000162,0.000162,chanfilter,,0
[00401A0B],0.000000,0.006039,0.000000,0.000198,chanfilter,,0
[00401A10],0.183515,0.183515,0.006022,0.006022,chanfilter,,0
[00401A13],0.012101,0.012101,0.000397,0.000397,chanfilter,,0
[00401A1B],0.028171,0.028171,0.000924,0.000924,chanfilter,,0
[00401A22],0.583360,0.583360,0.019142,0.019142,chanfilter,,0
[00401A24],0.008038,0.008038,0.000264,0.000264,chanfilter,,0
[00401A27],0.065266,0.065266,0.002142,0.002142,chanfilter,,0
[00401A2F],0.040092,0.040092,0.001316,0.001316,chanfilter,,0
[00401A36],0.590650,0.590650,0.019382,0.019382,chanfilter,,0
[00401A3B],0.040689,0.040689,0.001335,0.001335,chanfilter,,0
[00401A43],0.009045,0.009045,0.000297,0.000297,chanfilter,,0
[00401A4A],0.672102,0.672102,0.022054,0.022054,chanfilter,,0
[00401A4C],0.003065,0.003065,0.000101,0.000101,chanfilter,,0
[00401A4F],0.032148,0.032148,0.001055,0.001055,chanfilter,,0
[00401A54],0.011912,0.011912,0.000391,0.000391,chanfilter,,0
[00401A57],0.037951,0.037951,0.001245,0.001245,chanfilter,,0
[00401A5E],0.455100,0.455100,0.014934,0.014934,chanfilter,,0
[00401A63],0.069145,0.069145,0.002269,0.002269,chanfilter,,0
[00401A66],0.022940,0.022940,0.000753,0.000753,chanfilter,,0
[00401A70],0.061810,0.061810,0.002028,0.002028,chanfilter,,0
[00401A7A],0.015043,0.119729,0.000494,0.003929,chanfilter,,0
[00401A7D],0.033058,0.033058,0.001085,0.001085,chanfilter,,0
[00401A83],0.002919,0.002919,0.000096,0.000096,chanfilter,,0
[00401A86],0.023010,0.023010,0.000755,0.000755,chanfilter,,0
[00401A8A],0.024025,0.024025,0.000788,0.000788,chanfilter,,0
[00401A8D],0.003008,0.003008,0.000099,0.000099,chanfilter,,0
[00401A94],0.006035,0.234280,0.000198,0.007688,chanfilter,,0
[00401A97],0.031233,0.031233,0.001025,0.001025,chanfilter,,0
[00401A9D],0.005967,0.005967,0.000196,0.000196,chanfilter,,0
[00401AA1],0.022962,0.022962,0.000753,0.000753,chanfilter,,0
[00401AA5],0.018068,0.018068,0.000593,0.000593,chanfilter,,0
[00401AA8],0.009070,0.009070,0.000298,0.000298,chanfilter,,0
[00401AAB],0.008909,0.008909,0.000292,0.000292,chanfilter,,0
[00401AAE],0.010903,0.010903,0.000358,0.000358,chanfilter,,0
[00401AB2],0.009006,0.009006,0.000296,0.000296,chanfilter,,0
[00401AB7],0.000000,5.168757,0.000000,0.169608,chanfilter,,0
[00401ABA],0.038944,0.038944,0.001278,0.001278,chanfilter,,0
[00401ABD],0.048131,0.048131,0.001579,0.001579,chanfilter,,0
[00401AC0],0.023091,0.023091,0.000758,0.000758,chanfilter,,0
[00401AC3],0.037910,0.037910,0.001244,0.001244,chanfilter,,0
[00401AC9],0.118679,0.118679,0.003894,0.003894,chanfilter,,0
[00401ACD],0.090029,0.090029,0.002954,0.002954,chanfilter,,0
[00401ACF],0.043701,0.043701,0.001434,0.001434,chanfilter,,0
[00401AD0],0.005989,0.005989,0.000197,0.000197,chanfilter,,0
[00401AD3],0.002951,0.002951,0.000097,0.000097,chanfilter,,0
[00401AD7],0.027145,0.027145,0.000891,0.000891,chanfilter,,0
[00401B13],0.003062,0.003062,0.000100,0.000100,chanfilter,,0
[00401B1D],0.002999,0.002999,0.000098,0.000098,chanfilter,,0
[00401B20],0.005958,0.005958,0.000196,0.000196,chanfilter,,0
[00401B49],0.000000,0.014931,0.000000,0.000490,chanfilter,,0
[00401B78],0.000000,1.766855,0.000000,0.057978,chanfilter,,0
[00401B93],0.000000,1.965621,0.000000,0.064500,chanfilter,,0
[00401B96],0.002974,0.002974,0.000098,0.000098,chanfilter,,0
[00401B9F],0.003007,0.003007,0.000099,0.000099,chanfilter,,0
[00401BB7],0.000000,0.353954,0.000000,0.011615,chanfilter,,0
[00401BC9],0.005974,0.005974,0.000196,0.000196,chanfilter,,0
[00401BD2],0.002959,0.002959,0.000097,0.000097,chanfilter,,0
[00401BE3],0.000000,0.119321,0.000000,0.003915,chanfilter,,0
[00401BF0],0.000000,0.092758,0.000000,0.003044,chanfilter,,0
[00401BFA],0.000000,0.042148,0.000000,0.001383,chanfilter,,0
[00402066],0.054100,0.054100,0.001775,0.001775,chanfilter,,0
[00402080],0.002995,0.002995,0.000098,0.000098,chanfilter,,0
[0040208F],0.002980,0.002980,0.000098,0.000098,chanfilter,,0
[0040209F],0.002976,0.002976,0.000098,0.000098,chanfilter,,0
[004020B9],0.002979,0.002979,0.000098,0.000098,chanfilter,,0
[004020BE],0.008988,0.008988,0.000295,0.000295,chanfilter,,0
[004020CB],0.002917,0.002917,0.000096,0.000096,chanfilter,,0
[004020E3],0.003008,0.003008,0.000099,0.000099,chanfilter,,0
[004020E9],0.005921,0.005921,0.000194,0.000194,chanfilter,,0
[00402126],0.000000,0.005007,0.000000,0.000164,chanfilter,,0
[00402139],0.003027,0.003027,0.000099,0.000099,chanfilter,,0
[0040214B],0.012043,0.012043,0.000395,0.000395,chanfilter,,0
[0040217D],0.000000,0.016506,0.000000,0.000542,chanfilter,,0
[0040218F],0.000000,0.008981,0.000000,0.000295,chanfilter,,0
[00402198],0.030907,0.030907,0.001014,0.001014,chanfilter,,0
[0040219D],0.002995,0.002995,0.000098,0.000098,chanfilter,,0
[004021A8],0.003075,0.003075,0.000101,0.000101,chanfilter,,0
[004021AC],0.021001,0.021001,0.000689,0.000689,chanfilter,,0
[004021AF],0.009962,0.009962,0.000327,0.000327,chanfilter,,0
[004021B6],0.003020,0.003020,0.000099,0.000099,chanfilter,,0
[004021C7],0.006026,0.006026,0.000198,0.000198,chanfilter,,0
[004021CD],0.003001,0.003001,0.000098,0.000098,chanfilter,,0
[004021D0],0.002977,0.002977,0.000098,0.000098,chanfilter,,0
[004021D5],0.002999,0.002999,0.000098,0.000098,chanfilter,,0
[004021DA],0.000000,0.157713,0.000000,0.005175,chanfilter,,0
[004021FE],0.000000,0.097430,0.000000,0.003197,chanfilter,,0
[00402205],0.015074,0.015074,0.000495,0.000495,chanfilter,,0
[0040222D],0.000000,0.006028,0.000000,0.000198,chanfilter,,0
[00402243],0.011125,0.011125,0.000365,0.000365,chanfilter,,0
[0040224C],0.000000,0.012045,0.000000,0.000395,chanfilter,,0
[0040224F],0.005055,0.005055,0.000166,0.000166,chanfilter,,0
[0040225F],0.007951,0.274862,0.000261,0.009019,chanfilter,,0
[00402262],0.004002,0.004002,0.000131,0.000131,chanfilter,,0
[00402265],0.009090,0.009090,0.000298,0.000298,chanfilter,,0
[00402269],0.003029,0.003029,0.000099,0.000099,chanfilter,,0
[0040228D],0.000000,0.015168,0.000000,0.000498,chanfilter,,0
[0040229F],0.006030,0.009032,0.000198,0.000296,chanfilter,,0
[004022A7],0.003965,0.003965,0.000130,0.000130,chanfilter,,0
[004022B0],0.006066,0.006066,0.000199,0.000199,chanfilter,,0
[004022B4],0.015007,0.015007,0.000492,0.000492,chanfilter,,0
[004022B6],0.005036,0.005036,0.000165,0.000165,chanfilter,,0
[004022B7],0.006007,0.006007,0.000197,0.000197,chanfilter,,0
[004022CA],0.002928,0.002928,0.000096,0.000096,chanfilter,,0
[004022CF],0.047222,0.047222,0.001550,0.001550,chanfilter,,0
[004022DA],0.007099,0.007099,0.000233,0.000233,chanfilter,,0
[004022E2],0.000000,0.154322,0.000000,0.005064,chanfilter,,0
[004022E9],0.002990,0.002990,0.000098,0.000098,chanfilter,,0
[004022EB],0.005969,0.005969,0.000196,0.000196,chanfilter,,0
[004022F2],0.006012,0.006012,0.000197,0.000197,chanfilter,,0
[004022F5],0.011973,0.011973,0.000393,0.000393,chanfilter,,0
[004022F8],0.002959,0.002959,0.000097,0.000097,chanfilter,,0
[00402303],0.000000,0.081829,0.000000,0.002685,chanfilter,,0
[00402313],0.002976,0.002976,0.000098,0.000098,chanfilter,,0
[00402316],0.002978,0.002978,0.000098,0.000098,chanfilter,,0
[00402319],0.008899,0.008899,0.000292,0.000292,chanfilter,,0
[00402354],0.000000,0.009063,0.000000,0.000297,chanfilter,,0
[00402367],0.009062,0.326533,0.000297,0.010715,chanfilter,,0
[0040236D],0.006112,0.006112,0.000201,0.000201,chanfilter,,0
[00402371],0.006099,0.006099,0.000200,0.000200,chanfilter,,0
[004024B7],0.004931,0.004931,0.000162,0.000162,chanfilter,,0
[004024BB],0.002982,0.002982,0.000098,0.000098,chanfilter,,0
[004024D6],0.000000,0.014007,0.000000,0.000460,chanfilter,,0
[004024D9],0.003031,0.003031,0.000099,0.000099,chanfilter,,0
[004024E3],0.000000,0.008976,0.000000,0.000295,chanfilter,,0
[004024E6],0.008153,0.008153,0.000268,0.000268,chanfilter,,0
[004024ED],0.002959,0.002959,0.000097,0.000097,chanfilter,,0
[004024F8],0.000000,0.105943,0.000000,0.003476,chanfilter,,0
[00402503],0.003031,0.003031,0.000099,0.000099,chanfilter,,0
[00402505],0.005967,0.005967,0.000196,0.000196,chanfilter,,0
[0040250A],0.000000,0.014989,0.000000,0.000492,chanfilter,,0
[00402513],0.059121,0.059121,0.001940,0.001940,chanfilter,,0
[00402516],0.008015,0.008015,0.000263,0.000263,chanfilter,,0
[00402519],0.011996,0.011996,0.000394,0.000394,chanfilter,,0
[00402522],0.006029,0.006029,0.000198,0.000198,chanfilter,,0
[0040252D],0.011983,0.011983,0.000393,0.000393,chanfilter,,0
[0040252F],0.011935,0.011935,0.000392,0.000392,chanfilter,,0
[00402537],0.002970,0.002970,0.000097,0.000097,chanfilter,,0
[00402563],0.000000,0.613242,0.000000,0.020123,chanfilter,,0
[00402566],0.009090,0.009090,0.000298,0.000298,chanfilter,,0
[0040256F],0.014185,0.174429,0.000465,0.005724,chanfilter,,0
[00402574],0.019101,0.019101,0.000627,0.000627,chanfilter,,0
[00402577],0.012982,0.012982,0.000426,0.000426,chanfilter,,0
[00402581],0.000000,0.016079,0.000000,0.000528,chanfilter,,0
[00402589],0.006016,0.006016,0.000197,0.000197,chanfilter,,0
[00404C48],0.002945,0.002945,0.000097,0.000097,chanfilter,,0
[00404C68],0.108251,0.108251,0.003552,0.003552,chanfilter,,0
[00404C98],0.005991,0.005991,0.000197,0.000197,chanfilter,,0
[00404D9B],0.003008,0.003008,0.000099,0.000099,chanfilter,,0
[00404D9E],0.017043,0.017043,0.000559,0.000559,chanfilter,,0
[00404DA2],0.003021,0.003021,0.000099,0.000099,chanfilter,,0
[00404DAC],0.003818,0.003818,0.000125,0.000125,chanfilter,,0
[00404DB3],0.007930,0.007930,0.000260,0.000260,chanfilter,,0
[00404DB5],0.014037,0.014037,0.000461,0.000461,chanfilter,,0
[00404DBE],0.003022,0.003022,0.000099,0.000099,chanfilter,,0
[00404DC5],0.018025,0.018025,0.000591,0.000591,chanfilter,,0
[00404DC9],0.006081,0.006081,0.000200,0.000200,chanfilter,,0
[00404DCE],0.016929,0.016929,0.000556,0.000556,chanfilter,,0
[00404DD9],0.005039,0.005039,0.000165,0.000165,chanfilter,,0
[00404DE5],0.009174,0.009174,0.000301,0.000301,chanfilter,,0
[00404DEC],0.010075,0.010075,0.000331,0.000331,chanfilter,,0
[00404DF1],0.006103,0.006103,0.000200,0.000200,chanfilter,,0
[00404DF4],0.036939,0.036939,0.001212,0.001212,chanfilter,,0
[00404DF8],0.002983,0.002983,0.000098,0.000098,chanfilter,,0
[00404DF9],0.017048,0.017048,0.000559,0.000559,chanfilter,,0
[00404DFB],0.003032,0.003032,0.000099,0.000099,chanfilter,,0
[00404DFF],0.074226,0.074226,0.002436,0.002436,chanfilter,,0
[00404E02],0.005067,0.005067,0.000166,0.000166,chanfilter,,0
[00404E07],0.029117,0.029117,0.000955,0.000955,chanfilter,,0
[00404E09],0.002963,0.002963,0.000097,0.000097,chanfilter,,0
[00404E0C],0.002964,0.002964,0.000097,0.000097,chanfilter,,0
[00404E11],0.023968,0.023968,0.000786,0.000786,chanfilter,,0
[00404E13],0.003011,0.003011,0.000099,0.000099,chanfilter,,0
[00404E16],0.015088,0.015088,0.000495,0.000495,chanfilter,,0
[00404E1B],0.006043,0.006043,0.000198,0.000198,chanfilter,,0
[00404E20],0.002977,0.002977,0.000098,0.000098,chanfilter,,0
[00404E22],0.006071,0.006071,0.000199,0.000199,chanfilter,,0
[00404E25],0.012016,0.012016,0.000394,0.000394,chanfilter,,0
[00404E28],0.003033,0.003033,0.000100,0.000100,chanfilter,,0
[00404E2A],0.008084,0.008084,0.000265,0.000265,chanfilter,,0
[00404E2F],0.014815,0.014815,0.000486,0.000486,chanfilter,,0
[00404E31],0.009059,0.009059,0.000297,0.000297,chanfilter,,0
[00404E34],0.018083,0.018083,0.000593,0.000593,chanfilter,,0
[00404E3E],0.600542,0.600542,0.019706,0.019706,chanfilter,,0
[00404E41],0.045109,0.045109,0.001480,0.001480,chanfilter,,0
[00404E44],0.079099,0.079099,0.002596,0.002596,chanfilter,,0
[00404E47],0.062138,0.062138,0.002039,0.002039,chanfilter,,0
[00404E4C],0.017049,0.017049,0.000559,0.000559,chanfilter,,0
[00404E4F],0.012008,0.012008,0.000394,0.000394,chanfilter,,0
[00404E52],0.011941,0.011941,0.000392,0.000392,chanfilter,,0
[00404E55],0.038134,0.038134,0.001251,0.001251,chanfilter,,0
[00404E56],0.003052,0.003052,0.000100,0.000100,chanfilter,,0
[00404E57],0.003026,0.003026,0.000099,0.000099,chanfilter,,0
[00404E64],0.004985,0.004985,0.000164,0.000164,chanfilter,,0
[00404E6B],0.000000,0.084770,0.000000,0.002782,chanfilter,,0
[00404E71],0.003091,0.003091,0.000101,0.000101,chanfilter,,0
[00404E7F],0.006034,0.006034,0.000198,0.000198,chanfilter,,0
[00404E86],0.006047,0.036114,0.000198,0.001185,chanfilter,,0
[00404EAC],0.000000,0.016074,0.000000,0.000527,chanfilter,,0
[00404ECE],0.000000,0.010930,0.000000,0.000359,chanfilter,,0
[00404F62],0.003006,0.003006,0.000099,0.000099,chanfilter,,0
[00404F65],0.010042,0.010042,0.000330,0.000330,chanfilter,,0
[00404F6C],0.006000,0.006000,0.000197,0.000197,chanfilter,,0
[00404F89],0.005992,0.038972,0.000197,0.001279,chanfilter,,0
[00404F91],0.003033,0.003033,0.000100,0.000100,chanfilter,,0
[00404F96],0.000000,0.010082,0.000000,0.000331,chanfilter,,0
[00404F9F],0.006032,0.006032,0.000198,0.000198,chanfilter,,0
[00404FA4],0.002940,0.002940,0.000096,0.000096,chanfilter,,0
[00404FC3],0.005039,0.005039,0.000165,0.000165,chanfilter,,0
[00405001],0.003044,0.003044,0.000100,0.000100,chanfilter,,0
[0040500A],0.004982,0.004982,0.000163,0.000163,chanfilter,,0
[0040501B],0.006013,0.006013,0.000197,0.000197,chanfilter,,0
[00405185],0.003043,0.003043,0.000100,0.000100,chanfilter,,0
[00405190],0.005007,0.005007,0.000164,0.000164,chanfilter,,0
[004051B8],0.033040,0.033040,0.001084,0.001084,chanfilter,,0
[004051B9],0.002933,0.002933,0.000096,0.000096,chanfilter,,0
[004051BE],0.012038,0.012038,0.000395,0.000395,chanfilter,,0
[004051E4],0.002893,0.002893,0.000095,0.000095,chanfilter,,0
[00405244],0.120873,0.120873,0.003966,0.003966,chanfilter,,0
[00405245],0.009201,0.009201,0.000302,0.000302,chanfilter,,0
[00405247],0.035120,0.035120,0.001152,0.001152,chanfilter,,0
[0040524A],0.023877,0.023877,0.000784,0.000784,chanfilter,,0
[00405250],0.056068,0.056068,0.001840,0.001840,chanfilter,,0
[00405253],0.043166,0.043166,0.001416,0.001416,chanfilter,,0
[00405255],0.070869,0.070869,0.002326,0.002326,chanfilter,,0
[00405258],0.008048,0.008048,0.000264,0.000264,chanfilter,,0
[0040525B],0.006041,0.006041,0.000198,0.000198,chanfilter,,0
[0040525E],0.089728,0.089728,0.002944,0.002944,chanfilter,,0
[0040525F],0.006042,0.006042,0.000198,0.000198,chanfilter,,0
[00405260],0.067265,0.067265,0.002207,0.002207,chanfilter,,0
[00405280],0.002990,0.002990,0.000098,0.000098,chanfilter,,0
[0040528C],0.008991,0.008991,0.000295,0.000295,chanfilter,,0
[00405294],0.006055,0.006055,0.000199,0.000199,chanfilter,,0
[004052A0],0.006062,0.006062,0.000199,0.000199,chanfilter,,0
[00405310],0.006075,0.006075,0.000199,0.000199,chanfilter,,0
[00405311],0.003025,0.003025,0.000099,0.000099,chanfilter,,0
[00405314],0.005004,0.005004,0.000164,0.000164,chanfilter,,0
[00405325],0.000000,0.011027,0.000000,0.000362,chanfilter,,0
[0040532A],0.005944,0.005944,0.000195,0.000195,chanfilter,,0
[0040533E],0.003138,0.003138,0.000103,0.000103,chanfilter,,0
[00405342],0.057936,0.057936,0.001901,0.001901,chanfilter,,0
[00405345],0.006006,0.006006,0.000197,0.000197,chanfilter,,0
[00405348],0.004975,0.004975,0.000163,0.000163,chanfilter,,0
[0040534E],0.006051,0.006051,0.000199,0.000199,chanfilter,,0
[004054B5],0.005960,0.005960,0.000196,0.000196,chanfilter,,0
[004054BA],0.006038,0.006038,0.000198,0.000198,chanfilter,,0
[004054BF],0.002995,0.002995,0.000098,0.000098,chanfilter,,0
[004054C0],0.003022,0.003022,0.000099,0.000099,chanfilter,,0
[004054C4],0.014136,0.014136,0.000464,0.000464,chanfilter,,0
[004054C5],0.006069,0.006069,0.000199,0.000199,chanfilter,,0
[004054CA],0.007004,0.007004,0.000230,0.000230,chanfilter,,0
[004054D2],0.010082,0.010082,0.000331,0.000331,chanfilter,,0
[004054D5],0.009075,0.009075,0.000298,0.000298,chanfilter,,0
[004054DE],0.013089,0.013089,0.000430,0.000430,chanfilter,,0
[004055D0],0.017962,0.017962,0.000589,0.000589,chanfilter,,0
[004055D1],0.005905,0.005905,0.000194,0.000194,chanfilter,,0
[004055D7],0.009095,0.009095,0.000298,0.000298,chanfilter,,0
[004055DF],0.000000,0.005973,0.000000,0.000196,chanfilter,,0
[004055E1],0.002993,0.002993,0.000098,0.000098,chanfilter,,0
[004055E4],0.006052,0.006052,0.000199,0.000199,chanfilter,,0
[004055EB],0.005076,0.014161,0.000167,0.000465,chanfilter,,0
[004055F2],0.024172,0.024172,0.000793,0.000793,chanfilter,,0
[004055F7],0.012257,0.012257,0.000402,0.000402,chanfilter,,0
[00405671],0.003017,0.003017,0.000099,0.000099,chanfilter,,0
[0040567C],0.005994,0.005994,0.000197,0.000197,chanfilter,,0
[00405686],0.000000,0.032902,0.000000,0.001080,chanfilter,,0
[00405688],0.006014,0.006014,0.000197,0.000197,chanfilter,,0
[0040568B],0.006121,0.006121,0.000201,0.000201,chanfilter,,0
[00405697],0.002963,0.002963,0.000097,0.000097,chanfilter,,0
[004056A7],0.009988,0.009988,0.000328,0.000328,chanfilter,,0
[004056CF],0.002999,0.002999,0.000098,0.000098,chanfilter,,0
[004056E5],0.006156,0.006156,0.000202,0.000202,chanfilter,,0
[004056F0],0.003011,0.003011,0.000099,0.000099,chanfilter,,0
[004056F5],0.003013,0.017031,0.000099,0.000559,chanfilter,,0
[004056FA],0.562023,0.562023,0.018442,0.018442,chanfilter,,0
[004056FB],0.007994,0.007994,0.000262,0.000262,chanfilter,,0
[00405720],0.037246,0.037246,0.001222,0.001222,chanfilter,,0
[00405721],0.009132,0.009132,0.000300,0.000300,chanfilter,,0
[00405726],0.005973,0.005973,0.000196,0.000196,chanfilter,,0
[00405729],0.009085,0.009085,0.000298,0.000298,chanfilter,,0
[0040572D],0.008049,0.008049,0.000264,0.000264,chanfilter,,0
[00405733],0.003007,0.003007,0.000099,0.000099,chanfilter,,0
[0040573C],0.011982,0.011982,0.000393,0.000393,chanfilter,,0
[0040596C],0.023888,0.023888,0.000784,0.000784,chanfilter,,0
[00405A4D],0.003058,0.003058,0.000100,0.000100,chanfilter,,0
[00405A5A],0.002972,0.002972,0.000098,0.000098,chanfilter,,0
[00405A60],0.006042,0.006042,0.000198,0.000198,chanfilter,,0
[00405A6C],0.016991,0.016991,0.000558,0.000558,chanfilter,,0
[00405A6D],0.009036,0.009036,0.000297,0.000297,chanfilter,,0
[00405A80],0.003011,0.003011,0.000099,0.000099,chanfilter,,0
[00405AF8],0.002950,0.002950,0.000097,0.000097,chanfilter,,0
[00405AFB],0.008013,0.008013,0.000263,0.000263,chanfilter,,0
[00405AFE],0.003061,0.003061,0.000100,0.000100,chanfilter,,0
[00405B04],0.003025,0.003025,0.000099,0.000099,chanfilter,,0
[00405B06],0.002978,0.002978,0.000098,0.000098,chanfilter,,0
[00405B0E],0.002980,0.002980,0.000098,0.000098,chanfilter,,0
[00405D7C],0.017012,0.017012,0.000558,0.000558,chanfilter,,0
[00405D7D],0.003057,0.003057,0.000100,0.000100,chanfilter,,0
[00405E34],0.030698,0.030698,0.001007,0.001007,chanfilter,,0
[00405E35],0.009088,0.009088,0.000298,0.000298,chanfilter,,0
[00405E40],0.006036,0.006036,0.000198,0.000198,chanfilter,,0
[00405E41],0.003051,0.003051,0.000100,0.000100,chanfilter,,0
[004061AC],0.071377,0.071377,0.002342,0.002342,chanfilter,,0
[004061AD],0.003057,0.003057,0.000100,0.000100,chanfilter,,0
[004061BD],0.012818,0.019811,0.000421,0.000650,chanfilter,,0
[004061C4],0.005062,0.005062,0.000166,0.000166,chanfilter,,0
[004061C7],0.004903,0.004903,0.000161,0.000161,chanfilter,,0
[004061CF],0.000000,0.146222,0.000000,0.004798,chanfilter,,0
[004061D2],0.006095,0.006095,0.000200,0.000200,chanfilter,,0
[004065AC],0.097564,0.097564,0.003201,0.003201,chanfilter,,0
[004065AD],0.003041,0.003041,0.000100,0.000100,chanfilter,,0
[004065AF],0.003054,0.003054,0.000100,0.000100,chanfilter,,0
[004065B8],0.005965,0.005965,0.000196,0.000196,chanfilter,,0
[004065BB],0.012176,0.012176,0.000400,0.000400,chanfilter,,0
[004065BE],0.009113,0.009113,0.000299,0.000299,chanfilter,,0
[004065C1],0.002971,0.002971,0.000097,0.000097,chanfilter,,0
[004065D0],0.000000,0.008858,0.000000,0.000291,chanfilter,,0
[004065D5],0.002971,0.002971,0.000097,0.000097,chanfilter,,0
[004065D8],0.005950,0.005950,0.000195,0.000195,chanfilter,,0
[004065E3],0.002957,0.002957,0.000097,0.000097,chanfilter,,0
[004065EB],0.003950,0.185276,0.000130,0.006080,chanfilter,,0
[004065EE],0.012072,0.012072,0.000396,0.000396,chanfilter,,0
[004065F1],0.010933,0.010933,0.000359,0.000359,chanfilter,,0
[004065FA],0.008945,0.008945,0.000294,0.000294,chanfilter,,0
[0040661B],0.005949,0.005949,0.000195,0.000195,chanfilter,,0
[00406621],0.006035,0.006035,0.000198,0.000198,chanfilter,,0
[00406633],0.000000,0.006036,0.000000,0.000198,chanfilter,,0
[0040664E],0.000000,0.035837,0.000000,0.001176,chanfilter,,0
[00406659],0.008997,0.008997,0.000295,0.000295,chanfilter,,0
[004068D3],0.002971,0.002971,0.000097,0.000097,chanfilter,,0
[004068E0],0.000000,0.006005,0.000000,0.000197,chanfilter,,0
[004068E8],0.014003,0.014003,0.000459,0.000459,chanfilter,,0
[004068F1],0.007036,0.007036,0.000231,0.000231,chanfilter,,0
[004068FA],0.003041,0.003041,0.000100,0.000100,chanfilter,,0
[00406901],0.000000,0.012010,0.000000,0.000394,chanfilter,,0
[00406907],0.007994,0.007994,0.000262,0.000262,chanfilter,,0
[00406915],0.005942,0.005942,0.000195,0.000195,chanfilter,,0
[0040691A],0.003068,0.003068,0.000101,0.000101,chanfilter,,0
[00406927],0.000000,0.090795,0.000000,0.002979,chanfilter,,0
[0040692C],0.003003,0.003003,0.000099,0.000099,chanfilter,,0
[00406930],0.043172,0.043172,0.001417,0.001417,chanfilter,,0
[00406931],0.003056,0.003056,0.000100,0.000100,chanfilter,,0
[00406933],0.005047,0.005047,0.000166,0.000166,chanfilter,,0
[0040693F],0.017800,0.017800,0.000584,0.000584,chanfilter,,0
[00406944],0.000000,0.006015,0.000000,0.000197,chanfilter,,0
[00406946],0.003026,0.003026,0.000099,0.000099,chanfilter,,0
[0040694C],0.009983,0.009983,0.000328,0.000328,chanfilter,,0
[00406953],0.003058,0.357755,0.000100,0.011739,chanfilter,,0
[00406958],0.009028,0.009028,0.000296,0.000296,chanfilter,,0
[004075AD],0.010898,0.010898,0.000358,0.000358,chanfilter,,0
[004075C3],0.003004,0.003004,0.000099,0.000099,chanfilter,,0
[00407F38],0.072112,0.072112,0.002366,0.002366,chanfilter,,0
[00407F39],0.006090,0.006090,0.000200,0.000200,chanfilter,,0
[00407F3B],0.006015,0.006015,0.000197,0.000197,chanfilter,,0
[00407F49],0.004006,0.004006,0.000131,0.000131,chanfilter,,0
[00407F4E],0.003002,0.003002,0.000099,0.000099,chanfilter,,0
[00407F50],0.024236,0.024236,0.000795,0.000795,chanfilter,,0
[00407F51],0.005939,0.005939,0.000195,0.000195,chanfilter,,0
[00407F6C],0.002960,0.002960,0.000097,0.000097,chanfilter,,0
[00407F71],0.003019,0.003019,0.000099,0.000099,chanfilter,,0
[00407F73],0.006442,0.006442,0.000211,0.000211,chanfilter,,0
[00407F76],0.003057,0.003057,0.000100,0.000100,chanfilter,,0
[00407F7E],0.012125,0.012125,0.000398,0.000398,chanfilter,,0
[00407F83],0.000000,0.003002,0.000000,0.000099,chanfilter,,0
[00407F85],0.003075,0.003075,0.000101,0.000101,chanfilter,,0
[00407F8A],0.005971,0.005971,0.000196,0.000196,chanfilter,,0
[00407F90],0.005988,0.005988,0.000196,0.000196,chanfilter,,0
[00407F91],0.009073,0.009073,0.000298,0.000298,chanfilter,,0
[00407F93],0.005912,0.005912,0.000194,0.000194,chanfilter,,0
[00407F96],0.020966,0.020966,0.000688,0.000688,chanfilter,,0
[00407F97],0.006001,0.006001,0.000197,0.000197,chanfilter,,0
[00408030],0.003094,0.003094,0.000102,0.000102,chanfilter,,0
[0040804A],0.006601,0.006601,0.000217,0.000217,chanfilter,,0
[0040804C],0.003051,0.003051,0.000100,0.000100,chanfilter,,0
[00408059],0.006073,0.006073,0.000199,0.000199,chanfilter,,0
[00408064],0.000000,0.020069,0.000000,0.000659,chanfilter,,0
[00408066],0.003034,0.003034,0.000100,0.000100,chanfilter,,0
[00408194],0.016180,0.016180,0.000531,0.000531,chanfilter,,0
[00408195],0.008054,0.008054,0.000264,0.000264,chanfilter,,0
[0067EFA0],0.000000,0.049062,0.000000,0.001610,chanfilter,,0
[0067F9B0],0.000000,0.002987,0.000000,0.000098,chanfilter,,0
[02C71DC0],0.000000,0.089182,0.000000,0.002926,chanfilter,,0
BTCpuTurboThunkControl,0.335246,0.335246,0.011001,0.011001,wow64cpu,[unknown],0
[5A49A170],0.081152,0.081152,0.002663,0.002663,ig9icd32,,0
[5A49A171],0.025895,0.025895,0.000850,0.000850,ig9icd32,,0
[5A49A182],0.030093,0.030093,0.000987,0.000987,ig9icd32,,0
[5A49A185],0.004992,0.004992,0.000164,0.000164,ig9icd32,,0
[5A49A18A],0.005974,2.078652,0.000196,0.068209,ig9icd32,,0
RegisterProcTableCallback,259.891108,323.792469,8.528088,10.624953,ig9icd32,[unknown],0
DrvPresentBuffers,0.152167,93.397750,0.004993,3.064761,ig9icd32,[unknown],0
DrvSwapBuffers,0.709567,144.128574,0.023284,4.729447,ig9icd32,[unknown],0
DrvValidateVersion,18.351952,1167.955421,0.602202,38.325385,ig9icd32,[unknown],0
DumpRegistryKeyDefinitions,0.519084,1.339485,0.017033,0.043954,ig9icd32,[unknown],0
[6396E1C0],0.036236,0.036236,0.001189,0.001189,OPENGL32,,0
wglSwapLayerBuffers,0.116406,12.417591,0.003820,0.407472,OPENGL32,[unknown],0
wglSwapMultipleBuffers,0.282388,3.787105,0.009266,0.124270,OPENGL32,[unknown],0
wglCreateContext,0.089402,3.711548,0.002934,0.121791,OPENGL32,[unknown],0
wglCopyContext,0.632380,149.915626,0.020751,4.919344,OPENGL32,[unknown],0
glDebugEntry,0.199305,0.442981,0.006540,0.014536,OPENGL32,[unknown],0
wglGetPixelFormat,0.068419,4.822494,0.002245,0.158246,OPENGL32,[unknown],0
wglSwapBuffers,0.216257,157.066633,0.007096,5.153997,OPENGL32,[unknown],0
glLoadIdentity,0.087551,0.087551,0.002873,0.002873,OPENGL32,[unknown],0
glLoadMatrixf,0.002997,0.002997,0.000098,0.000098,OPENGL32,[unknown],0
glMatrixMode,0.045161,0.045161,0.001482,0.001482,OPENGL32,[unknown],0
glBindTexture,0.221729,0.221729,0.007276,0.007276,OPENGL32,[unknown],0
glClear,0.014982,0.014982,0.000492,0.000492,OPENGL32,[unknown],0
glClearColor,0.019748,0.019748,0.000648,0.000648,OPENGL32,[unknown],0
glTexParameteri,0.266346,0.266346,0.008740,0.008740,OPENGL32,[unknown],0
glFlush,0.010105,0.010105,0.000332,0.000332,OPENGL32,[unknown],0
glGetIntegerv,0.123411,0.123411,0.004050,0.004050,OPENGL32,[unknown],0
glTexSubImage2D,0.239707,0.283877,0.007866,0.009315,OPENGL32,[unknown],0
MsgRelease,0.003976,0.010953,0.000130,0.000359,CoreMessaging,[unknown],0
CoreUIConfigureUserIntegration,0.003011,0.010953,0.000099,0.000359,CoreMessaging,[unknown],0
ZN2sfneERKNS_9BlendModeES2_,0.075239,0.075239,0.002469,0.002469,sfml-graphics-2,[unknown],0
ZN2sf5ColorC2Ehhhh,0.036100,0.036100,0.001185,0.001185,sfml-graphics-2,[unknown],0
ZNK2sf5Image7getSizeEv,0.162058,0.162058,0.005318,0.005318,sfml-graphics-2,[unknown],0
ZNK2sf5Image8getPixelEjj,1.065230,1.065230,0.034955,0.034955,sfml-graphics-2,[unknown],0
ZN2sf12RenderTarget5clearERKNS_5ColorE,0.245343,3.385879,0.008051,0.111105,sfml-graphics-2,[unknown],0
ZN2sf12RenderTarget4drawERKNS_8DrawableERKNS_12RenderStatesE,0.281708,0.281708,0.009244,0.009244,sfml-graphics-2,[unknown],0
ZN2sf12RenderTarget4drawEPKNS_6VertexEjNS_13PrimitiveTypeERKNS_12RenderStatesE,0.440828,34.184348,0.014465,1.121728,sfml-graphics-2,[unknown],0
ZN2sf12RenderWindow8activateEb,0.009171,0.009171,0.000301,0.000301,sfml-graphics-2,[unknown],0
ZThn40_N2sf12RenderWindow8activateEb,0.087610,0.087610,0.002875,0.002875,sfml-graphics-2,[unknown],0
ZN2sf7Texture6updateEPKh,0.326452,234.869097,0.010712,7.707014,sfml-graphics-2,[unknown],0
ZN2sf7Texture4bindEPKS0_NS0_14CoordinateTypeE,0.114555,4.088371,0.003759,0.134156,sfml-graphics-2,[unknown],0
ZN2sf7Texture12getValidSizeEj,0.104106,1.346031,0.003416,0.044169,sfml-graphics-2,[unknown],0
ZN2sfmLERNS_9TransformERKS0_,0.073320,0.073320,0.002406,0.002406,sfml-graphics-2,[unknown],0
ZN2sfmlERKNS_9TransformERKNS_7Vector2IfEE,0.064048,0.064048,0.002102,0.002102,sfml-graphics-2,[unknown],0
ZNK2sf13Transformable12getTransformEv,0.049792,0.049792,0.001634,0.001634,sfml-graphics-2,[unknown],0
ZNK2sf6Sprite4drawERNS_12RenderTargetENS_12RenderStatesE,0.099185,0.254000,0.003255,0.008335,sfml-graphics-2,[unknown],0
ZN2sf11VertexArray6appendERKNS_6VertexE,0.048906,0.048906,0.001605,0.001605,sfml-graphics-2,[unknown],0
ZNK2sf5Clock14getElapsedTimeEv,0.141965,0.861443,0.004658,0.028267,sfml-system-2,[unknown],0
ZN2sf5Clock7restartEv,0.003004,0.003004,0.000099,0.000099,sfml-system-2,[unknown],0
ZN2sf4LockC2ERNS_5MutexE,0.147422,0.147422,0.004838,0.004838,sfml-system-2,[unknown],0
ZN2sf4LockD1Ev,0.012076,0.012076,0.000396,0.000396,sfml-system-2,[unknown],0
ZN2sf5Mutex4lockEv,0.215568,0.215568,0.007074,0.007074,sfml-system-2,[unknown],0
ZN2sf11ThreadLocal8setValueEPv,0.056327,0.056327,0.001848,0.001848,sfml-system-2,[unknown],0
ZNK2sf11ThreadLocal8getValueEv,0.089438,0.089438,0.002935,0.002935,sfml-system-2,[unknown],0
ZN2sf12microsecondsEx,0.012094,0.012094,0.000397,0.000397,sfml-system-2,[unknown],0
ZN2sfneENS_4TimeES0_,0.022085,0.022085,0.000725,0.000725,sfml-system-2,[unknown],0
ZN2sfgtENS_4TimeES0_,0.035161,0.035161,0.001154,0.001154,sfml-system-2,[unknown],0
ZN2sfmiENS_4TimeES0_,0.005964,0.005964,0.000196,0.000196,sfml-system-2,[unknown],0
ZN2sf17MemoryInputStream4openEPKvj,0.311514,1.601753,0.010222,0.052560,sfml-system-2,[unknown],0
ZN2sf7ContextC1ERKNS_15ContextSettingsEjj,0.312466,1.109150,0.010253,0.036396,sfml-window-2,[unknown],0
ZN2sf10GlResource20TransientContextLockC1Ev,0.043087,0.043087,0.001414,0.001414,sfml-window-2,[unknown],0
ZN2sf10GlResource20TransientContextLockD1Ev,0.032270,0.032270,0.001059,0.001059,sfml-window-2,[unknown],0
ZN2sf8Joystick14IdentificationC2Ev,0.516658,0.562862,0.016954,0.018470,sfml-window-2,[unknown],0
ZN2sf6Sensor8getValueENS0_4TypeE,0.152680,0.152680,0.005010,0.005010,sfml-window-2,[unknown],0
ZNK2sf6Window6isOpenEv,0.081606,0.081606,0.002678,0.002678,sfml-window-2,[unknown],0
ZN2sf6Window9pollEventERNS_5EventE,0.019985,0.075006,0.000656,0.002461,sfml-window-2,[unknown],0
ZNK2sf6Window9setActiveEb,0.134119,0.461386,0.004401,0.015140,sfml-window-2,[unknown],0
ZN2sf6Window7displayEv,0.581936,0.643065,0.019096,0.021102,sfml-window-2,[unknown],0
ZN2sf6WindowC1ENS_9VideoModeERKNS_6StringEjRKNS_15ContextSettingsE,1.193067,169.489589,0.039149,5.561645,sfml-window-2,[unknown],0
[6EAEBDF8],0.000000,0.002947,0.000000,0.000097,DINPUT,,0
DirectInputCreateEx,0.003006,0.597759,0.000099,0.019615,DINPUT,[unknown],0
DllUnregisterServer,0.011017,0.516356,0.000362,0.016944,DINPUT,[unknown],0
_divdi3,0.335605,0.335605,0.011013,0.011013,libgcc_s_dw2-1,[unknown],0
_cxa_demangle,0.193302,0.193302,0.006343,0.006343,libstdc++-6,[unknown],0
ZdlPv,0.040053,0.040053,0.001314,0.001314,libstdc++-6,[unknown],0
ZdlPvj,0.119040,0.119040,0.003906,0.003906,libstdc++-6,[unknown],0
Znwj,0.123629,1.368885,0.004057,0.044919,libstdc++-6,[unknown],0
Ordinal44,0.000000,0.012098,0.000000,0.000397,uxtheme,[unknown],0
GetCurrentThemeName,0.000000,0.010223,0.000000,0.000335,uxtheme,[unknown],0
GetThemeAppProperties,0.000000,0.022321,0.000000,0.000732,uxtheme,[unknown],0
GetThemeEnumValue,0.000000,7.718568,0.000000,0.253278,uxtheme,[unknown],0
IsThemeBackgroundPartiallyTransparent,0.000000,0.022321,0.000000,0.000732,uxtheme,[unknown],0
Ordinal106,0.000000,0.000000,0.000000,0.000000,uxtheme,[unknown],0
Ordinal75,0.000000,0.000000,0.000000,0.000000,uxtheme,[unknown],0
DevObjGetClassDevs,0.000000,0.006960,0.000000,0.000228,DEVOBJ,[unknown],0
DevObjEnumDeviceInterfaces,0.000000,0.003961,0.000000,0.000130,DEVOBJ,[unknown],0
DevObjCreateDeviceInfoList,0.000000,0.002965,0.000000,0.000097,DEVOBJ,[unknown],0
auxSetVolume,0.000000,0.037840,0.000000,0.001242,WINMMBASE,[unknown],0
joyGetPosEx,0.003011,0.653595,0.000099,0.021447,WINMMBASE,[unknown],0
joyGetThreshold,0.009021,33.531036,0.000296,1.100290,WINMMBASE,[unknown],0
DwmFlush,502.225406,502.225406,16.480066,16.480066,dwmapi,[unknown],0
DwmExtendFrameIntoClientArea,0.000000,0.000000,0.000000,0.000000,dwmapi,[unknown],0
DwmIsCompositionEnabled,1.859804,9.591459,0.061028,0.314735,dwmapi,[unknown],0
Ordinal141,0.000000,0.000000,0.000000,0.000000,dwmapi,[unknown],0
DwmpDxGetWindowSharedSurface,0.814095,7.794492,0.026714,0.255769,dwmapi,[unknown],0
Ordinal161,0.087406,0.087406,0.002868,0.002868,dwmapi,[unknown],0
Ordinal154,0.000000,0.000000,0.000000,0.000000,dwmapi,[unknown],0
free,0.871544,0.871544,0.028599,0.028599,msvcrt,[unknown],0
malloc,1.245256,1.245256,0.040862,0.040862,msvcrt,[unknown],0
rand,0.931088,0.931088,0.030553,0.030553,msvcrt,[unknown],0
strerror_s,0.296329,0.296329,0.009724,0.009724,msvcrt,[unknown],0
_threadid,2.154686,2.154686,0.070704,0.070704,msvcrt,[unknown],0
vsnwprintf,0.049367,0.049367,0.001620,0.001620,msvcrt,[unknown],0
vsnwprintf_l,0.000000,0.000000,0.000000,0.000000,msvcrt,[unknown],0
fputs,0.000000,0.000000,0.000000,0.000000,msvcrt,[unknown],0
vswprintf,0.000000,0.000000,0.000000,0.000000,msvcrt,[unknown],0
memcpy,0.000000,0.000000,0.000000,0.000000,msvcrt,[unknown],0
memset,0.358858,0.358858,0.011776,0.011776,msvcrt,[unknown],0
wcstok_s,0.105280,0.105280,0.003455,0.003455,msvcrt,[unknown],0
sqrt,1.054099,1.054099,0.034589,0.034589,msvcrt,[unknown],0
floor,0.138207,0.138207,0.004535,0.004535,msvcrt,[unknown],0
modf,3.507374,3.507374,0.115091,0.115091,msvcrt,[unknown],0
lstrcmpW,0.002968,0.002968,0.000097,0.000097,KERNELBASE,[unknown],0
ExpandEnvironmentStringsW,0.006005,0.006005,0.000197,0.000197,KERNELBASE,[unknown],0
RegOpenKeyExW,0.337594,0.337594,0.011078,0.011078,KERNELBASE,[unknown],0
RegQueryValueExW,0.002971,0.002971,0.000097,0.000097,KERNELBASE,[unknown],0
RegOpenKeyExInternalW,0.000000,0.000000,0.000000,0.000000,KERNELBASE,[unknown],0
MapPredefinedHandleInternal,0.000000,0.000000,0.000000,0.000000,KERNELBASE,[unknown],0
CompareStringW,0.000000,0.000000,0.000000,0.000000,KERNELBASE,[unknown],0
LocalFree,0.002947,0.002947,0.000097,0.000097,KERNELBASE,[unknown],0
LoadLibraryExA,7.580666,7.580666,0.248753,0.248753,KERNELBASE,[unknown],0
CreateFileMappingW,0.006031,0.006031,0.000198,0.000198,KERNELBASE,[unknown],0
FlsGetValue,0.000000,0.000000,0.000000,0.000000,KERNELBASE,[unknown],0
LoadLibraryExW,0.000000,0.000000,0.000000,0.000000,KERNELBASE,[unknown],0
CreateFileW,0.021006,0.021006,0.000689,0.000689,KERNELBASE,[unknown],0
WaitForSingleObject,0.111358,0.114393,0.003654,0.003754,KERNELBASE,[unknown],0
WaitForSingleObjectEx,0.000000,0.000000,0.000000,0.000000,KERNELBASE,[unknown],0
GetLastError,0.305928,0.305928,0.010039,0.010039,KERNELBASE,[unknown],0
FreeLibrary,0.841160,0.841160,0.027602,0.027602,KERNELBASE,[unknown],0
ReleaseMutex,0.014959,0.014959,0.000491,0.000491,KERNELBASE,[unknown],0
FindFirstFileW,0.021954,0.021954,0.000720,0.000720,KERNELBASE,[unknown],0
GetProcAddress,2.359307,2.359307,0.077418,0.077418,KERNELBASE,[unknown],0
GetVersionExW,0.002905,0.002905,0.000095,0.000095,KERNELBASE,[unknown],0
TlsGetValue,0.281420,0.281420,0.009235,0.009235,KERNELBASE,[unknown],0
GetTickCount,0.000000,0.000000,0.000000,0.000000,KERNELBASE,[unknown],0
TlsSetValue,0.048018,0.048018,0.001576,0.001576,KERNELBASE,[unknown],0
WaitForMultipleObjects,502.430950,502.430950,16.486810,16.486810,KERNELBASE,[unknown],0
GetVersion,0.002996,0.002996,0.000098,0.000098,KERNELBASE,[unknown],0
amsg_exit,0.000000,0.000000,0.000000,0.000000,KERNELBASE,[unknown],0
PerfIncrementULongLongCounterValue,0.002952,0.002952,0.000097,0.000097,KERNELBASE,[unknown],0
invalid_parameter,0.000000,0.000000,0.000000,0.000000,KERNELBASE,[unknown],0
SetupDiGetClassDevsW,0.000000,0.009925,0.000000,0.000326,SETUPAPI,[unknown],0
SetupDiGetClassDevsExW,0.000000,0.009925,0.000000,0.000326,SETUPAPI,[unknown],0
SetupDiEnumDeviceInterfaces,0.000000,0.003040,0.000000,0.000100,SETUPAPI,[unknown],0
SetupDiCreateDeviceInfoListExW,0.000000,0.002965,0.000000,0.000097,SETUPAPI,[unknown],0
RegOpenKeyExW,0.002968,0.002968,0.000097,0.000097,ADVAPI32,[unknown],0
RegCloseKey,0.005939,0.005939,0.000195,0.000195,ADVAPI32,[unknown],0
NtUserPeekMessage,0.071880,0.071880,0.002359,0.002359,win32u,[unknown],0
NtUserCallOneParam,25.975323,25.975323,0.852356,0.852356,win32u,[unknown],0
NtUserMessageCall,0.005949,0.005949,0.000195,0.000195,win32u,[unknown],0
NtGdiGetDCDword,3.165367,3.165367,0.103869,0.103869,win32u,[unknown],0
NtUserSystemParametersInfo,7.745396,7.745396,0.254158,0.254158,win32u,[unknown],0
NtUserGetTitleBarInfo,0.007086,0.007086,0.000233,0.000233,win32u,[unknown],0
NtGdiDdDDILock2,6.340738,6.340738,0.208065,0.208065,win32u,[unknown],0
NtGdiDdDDIPresent,89.720399,89.720399,2.944093,2.944093,win32u,[unknown],0
NtGdiDdDDISignalSynchronizationObjectFromGpu,6.858637,6.858637,0.225060,0.225060,win32u,[unknown],0
NtGdiDdDDISubmitCommand,12.651321,12.651321,0.415141,0.415141,win32u,[unknown],0
NtGdiDdDDIUnlock2,4.545836,4.545836,0.149167,0.149167,win32u,[unknown],0
NtUserGetQueueStatusReadonly,0.003966,0.003966,0.000130,0.000130,win32u,[unknown],0
NtUserHwndQueryRedirectionInfo,7.036731,7.036731,0.230904,0.230904,win32u,[unknown],0
NtUserIsNonClientDpiScalingEnabled,0.010223,0.010223,0.000335,0.000335,win32u,[unknown],0
gDispatchTableValues,0.143276,0.143276,0.004701,0.004701,win32u,[unknown],0
DeviceIoControl,0.007965,0.007965,0.000261,0.000261,KERNEL32,[unknown],0
QueryPerformanceCounter,0.077714,0.077714,0.002550,0.002550,KERNEL32,[unknown],0
TlsGetValue,0.126959,0.126959,0.004166,0.004166,KERNEL32,[unknown],0
TlsSetValue,0.018078,0.018078,0.000593,0.000593,KERNEL32,[unknown],0
BaseThreadInitThunk,0.000000,1004.831780,0.000000,32.972632,KERNEL32,[unknown],0
SortGetHandle,0.000000,0.000000,0.000000,0.000000,KERNEL32,[unknown],0
TermsrvOpenRegEntry,0.000000,0.000000,0.000000,0.000000,KERNEL32,[unknown],0
GetTickCount,0.002990,0.002990,0.000098,0.000098,KERNEL32,[unknown],0
ReleaseMutex,0.000000,0.000000,0.000000,0.000000,KERNEL32,[unknown],0
CM_Get_Device_Interface_List_ExW,0.000000,0.002999,0.000000,0.000098,cfgmgr32,[unknown],0
CM_Get_Device_Interface_ListW,0.000000,0.002999,0.000000,0.000098,cfgmgr32,[unknown],0
CM_Get_Device_Interface_Property_ExW,0.000000,0.003961,0.000000,0.000130,cfgmgr32,[unknown],0
CM_Get_Device_Interface_PropertyW,0.000000,0.003961,0.000000,0.000130,cfgmgr32,[unknown],0
CM_Get_DevNode_PropertyW,0.000000,0.003961,0.000000,0.000130,cfgmgr32,[unknown],0
CM_Get_DevNode_Registry_PropertyW,0.000000,0.083995,0.000000,0.002756,cfgmgr32,[unknown],0
CM_Get_Sibling,0.002989,0.073024,0.000098,0.002396,cfgmgr32,[unknown],0
ImmSetActiveContext,0.000000,0.006032,0.000000,0.000198,IMM32,[unknown],0
GdiIsMetaPrintDC,0.199394,0.199394,0.006543,0.006543,gdi32full,[unknown],0
GetPixelFormat,0.211955,0.211955,0.006955,0.006955,gdi32full,[unknown],0
GetObjectType,0.337924,0.352954,0.011089,0.011582,gdi32full,[unknown],0
GdiDllInitializeWrapper,0.175868,0.175868,0.005771,0.005771,gdi32full,[unknown],0
GdiTrackHDelete,0.091341,0.091341,0.002997,0.002997,gdi32full,[unknown],0
NtGdiDdDDILock2,0.149165,0.149165,0.004895,0.004895,gdi32full,[unknown],0
NtGdiDdDDIPresent,0.078129,0.078129,0.002564,0.002564,gdi32full,[unknown],0
NtGdiDdDDISignalSynchronizationObjectFromGpu,0.050764,0.050764,0.001666,0.001666,gdi32full,[unknown],0
NtGdiDdDDISubmitCommand,0.072847,0.072847,0.002390,0.002390,gdi32full,[unknown],0
NtGdiDdDDIUnlock2,0.134776,0.134776,0.004423,0.004423,gdi32full,[unknown],0
NtGdiXLATEOBJ_iXlate,0.141147,8.378522,0.004632,0.274934,gdi32full,[unknown],0
Ordinal1005,0.497797,0.497797,0.016335,0.016335,gdi32full,[unknown],0
GdiSwapBuffers,0.032004,10.367238,0.001050,0.340191,gdi32full,[unknown],0
SwapBuffers,0.326133,165.548623,0.010702,5.432326,gdi32full,[unknown],0
CtfImeAssociateFocus,0.000000,0.006032,0.000000,0.000198,MSCTF,[unknown],0
GetClientRect,0.186419,0.186419,0.006117,0.006117,USER32,[unknown],0
CallWindowProcW,0.000000,0.034302,0.000000,0.001126,USER32,[unknown],0
ClientToScreen,0.243858,0.243858,0.008002,0.008002,USER32,[unknown],0
UpdateLayeredWindowIndirect,0.000000,0.006032,0.000000,0.000198,USER32,[unknown],0
WindowFromDC,0.255554,0.267432,0.008386,0.008776,USER32,[unknown],0
GetWindowRgnBox,0.000000,0.006032,0.000000,0.000198,USER32,[unknown],0
DispatchMessageW,0.000000,0.045255,0.000000,0.001485,USER32,[unknown],0
SetWindowLongW,0.000000,0.034302,0.000000,0.001126,USER32,[unknown],0
GetWindowRect,0.236619,0.242651,0.007764,0.007962,USER32,[unknown],0
IsWindow,0.477701,0.477701,0.015675,0.015675,USER32,[unknown],0
PeekMessageW,0.374910,0.489034,0.012302,0.016047,USER32,[unknown],0
IsThreadDesktopComposited,0.354221,0.354221,0.011623,0.011623,USER32,[unknown],0
GetWindowThreadProcessId,0.000000,0.042244,0.000000,0.001386,USER32,[unknown],0
SystemParametersInfoW,0.000000,7.724604,0.000000,0.253476,USER32,[unknown],0
GetDpiForSystem,0.000000,0.000000,0.000000,0.000000,USER32,[unknown],0
AddClipboardFormatListener,0.000000,0.045255,0.000000,0.001485,USER32,[unknown],0
GetOpenClipboardWindow,0.005024,0.005024,0.000165,0.000165,USER32,[unknown],0
DwmGetDxSharedSurface,0.000000,0.000000,0.000000,0.000000,USER32,[unknown],0
GetObjectType,0.482594,4.053255,0.015836,0.133004,GDI32,[unknown],0
GdiGetEntry,0.015030,0.015030,0.000493,0.000493,GDI32,[unknown],0
GetDeviceCaps,0.586751,0.586751,0.019254,0.019254,GDI32,[unknown],0
SetDCBrushColor,0.000000,0.000000,0.000000,0.000000,GDI32,[unknown],0
SwapBuffers,0.047083,0.047083,0.001545,0.001545,GDI32,[unknown],0
Ordinal1005,0.117035,0.117035,0.003840,0.003840,GDI32,[unknown],0
D3DKMTLock2,0.058927,0.058927,0.001934,0.001934,GDI32,[unknown],0
D3DKMTPresent,0.047232,0.047232,0.001550,0.001550,GDI32,[unknown],0
D3DKMTSignalSynchronizationObjectFromGpu,0.006018,0.006018,0.000197,0.000197,GDI32,[unknown],0
D3DKMTSubmitCommand,0.039785,0.039785,0.001306,0.001306,GDI32,[unknown],0
D3DKMTUnlock2,0.101701,0.101701,0.003337,0.003337,GDI32,[unknown],0
GdiIsMetaPrintDC,0.067196,0.067196,0.002205,0.002205,GDI32,[unknown],0
GetPixelFormat,0.041034,0.041034,0.001346,0.001346,GDI32,[unknown],0
RtlLookupElementGenericTable,0.003019,0.003019,0.000099,0.000099,ntdll,[unknown],0
RtlLookupElementGenericTableFull,0.000000,0.000000,0.000000,0.000000,ntdll,[unknown],0
EtwSetMark,0.000000,0.006036,0.000000,0.000198,ntdll,[unknown],0
RtlDeleteBoundaryDescriptor,0.000000,0.000000,0.000000,0.000000,ntdll,[unknown],0
RtlGetVersion,0.000000,0.000000,0.000000,0.000000,ntdll,[unknown],0
RtlImageDirectoryEntryToData,0.000000,0.000000,0.000000,0.000000,ntdll,[unknown],0
RtlGetNtSystemRoot,0.000000,0.000000,0.000000,0.000000,ntdll,[unknown],0
LdrGetDllHandle,0.000000,0.000000,0.000000,0.000000,ntdll,[unknown],0
LdrGetDllHandleEx,0.000000,0.000000,0.000000,0.000000,ntdll,[unknown],0
RtlEqualUnicodeString,0.000000,0.000000,0.000000,0.000000,ntdll,[unknown],0
RtlHashUnicodeString,0.000000,0.000000,0.000000,0.000000,ntdll,[unknown],0
LdrShutdownThread,0.000000,0.000000,0.000000,0.000000,ntdll,[unknown],0
RtlWow64EnableFsRedirectionEx,0.000000,0.000000,0.000000,0.000000,ntdll,[unknown],0
RtlAnsiStringToUnicodeString,0.000000,0.000000,0.000000,0.000000,ntdll,[unknown],0
RtlMultiByteToUnicodeN,0.000000,0.000000,0.000000,0.000000,ntdll,[unknown],0
RtlFreeAnsiString,0.000000,0.000000,0.000000,0.000000,ntdll,[unknown],0
RtlFreeHeap,1.199666,1.199666,0.039366,0.039366,ntdll,[unknown],0
RtlGetCurrentServiceSessionId,0.011946,0.011946,0.000392,0.000392,ntdll,[unknown],0
RtlDosSearchPath_Ustr,0.000000,0.000000,0.000000,0.000000,ntdll,[unknown],0
RtlAllocateHeap,2.425184,2.592420,0.079580,0.085068,ntdll,[unknown],0
RtlAcquireSRWLockExclusive,0.000000,0.000000,0.000000,0.000000,ntdll,[unknown],0
RtlDosApplyFileIsolationRedirection_Ustr,0.000000,0.000000,0.000000,0.000000,ntdll,[unknown],0
RtlFindActivationContextSectionString,0.000000,0.000000,0.000000,0.000000,ntdll,[unknown],0
RtlFindCharInUnicodeString,0.000000,0.000000,0.000000,0.000000,ntdll,[unknown],0
RtlReleaseSRWLockExclusive,0.000000,0.000000,0.000000,0.000000,ntdll,[unknown],0
LdrGetDllPath,0.000000,0.000000,0.000000,0.000000,ntdll,[unknown],0
LdrResolveDelayLoadedAPI,0.000000,0.000000,0.000000,0.000000,ntdll,[unknown],0
LdrGetProcedureAddressForCaller,0.000000,0.000000,0.000000,0.000000,ntdll,[unknown],0
RtlImageNtHeaderEx,0.000000,0.000000,0.000000,0.000000,ntdll,[unknown],0
RtlLeaveCriticalSection,0.783416,0.783416,0.025707,0.025707,ntdll,[unknown],0
RtlEnterCriticalSection,1.253271,1.253271,0.041125,0.041125,ntdll,[unknown],0
RtlImageNtHeader,0.000000,0.000000,0.000000,0.000000,ntdll,[unknown],0
TpSetTimer,0.000000,0.000000,0.000000,0.000000,ntdll,[unknown],0
LdrFindEntryForAddress,0.000000,0.000000,0.000000,0.000000,ntdll,[unknown],0
RtlQueryEnvironmentVariable,0.000000,0.000000,0.000000,0.000000,ntdll,[unknown],0
LdrUnloadDll,0.000000,0.000000,0.000000,0.000000,ntdll,[unknown],0
RtlRbInsertNodeEx,0.000000,0.000000,0.000000,0.000000,ntdll,[unknown],0
LdrLoadDll,0.000000,0.000000,0.000000,0.000000,ntdll,[unknown],0
RtlInitUnicodeStringEx,0.000000,0.000000,0.000000,0.000000,ntdll,[unknown],0
RtlSetLastWin32Error,0.084302,0.084302,0.002766,0.002766,ntdll,[unknown],0
RtlNtStatusToDosError,0.000000,0.000000,0.000000,0.000000,ntdll,[unknown],0
RtlExpandEnvironmentStrings,0.000000,0.000000,0.000000,0.000000,ntdll,[unknown],0
RtlQueryPerformanceCounter,0.348555,0.421784,0.011438,0.013840,ntdll,[unknown],0
RtlInitializeCriticalSectionAndSpinCount,0.000000,0.000000,0.000000,0.000000,ntdll,[unknown],0
RtlInitAnsiStringEx,0.000000,0.000000,0.000000,0.000000,ntdll,[unknown],0
RtlGetCurrentTransaction,0.000000,0.000000,0.000000,0.000000,ntdll,[unknown],0
RtlMultiAppendUnicodeStringBuffer,0.000000,0.000000,0.000000,0.000000,ntdll,[unknown],0
EtwTraceMessage,0.037840,0.037840,0.001242,0.001242,ntdll,[unknown],0
LdrGetDllHandleByName,0.000000,0.000000,0.000000,0.000000,ntdll,[unknown],0
RtlGetAppContainerNamedObjectPath,1507.314043,3010.018965,49.461127,98.771009,ntdll,[unknown],0
RtlDebugPrintTimes,0.000000,0.000000,0.000000,0.000000,ntdll,[unknown],0
ZwWaitForSingleObject,0.005989,0.005989,0.000197,0.000197,ntdll,[unknown],0
NtDeviceIoControlFile,0.000000,0.000000,0.000000,0.000000,ntdll,[unknown],0
ZwClose,0.030054,0.030054,0.000986,0.000986,ntdll,[unknown],0
NtQueryInformationFile,0.005040,0.005040,0.000165,0.000165,ntdll,[unknown],0
NtQueryValueKey,0.000000,0.000000,0.000000,0.000000,ntdll,[unknown],0
ZwReleaseMutant,0.087216,0.087216,0.002862,0.002862,ntdll,[unknown],0
NtRequestWaitReplyPort,0.000000,0.000000,0.000000,0.000000,ntdll,[unknown],0
ZwOpenFile,0.000000,0.000000,0.000000,0.000000,ntdll,[unknown],0
ZwDelayExecution,32.886436,32.886436,1.079138,1.079138,ntdll,[unknown],0
ZwQueryDirectoryFile,0.000000,0.000000,0.000000,0.000000,ntdll,[unknown],0
ZwCreateSection,0.000000,0.000000,0.000000,0.000000,ntdll,[unknown],0
ZwCreateFile,0.000000,0.000000,0.000000,0.000000,ntdll,[unknown],0
NtWaitForMultipleObjects,0.000000,0.000000,0.000000,0.000000,ntdll,[unknown],0
NtTraceEvent,0.000000,0.000000,0.000000,0.000000,ntdll,[unknown],0
ZwOpenKeyEx,0.000000,0.000000,0.000000,0.000000,ntdll,[unknown],0
NtWaitForWorkViaWorkerFactory,0.000000,0.000000,0.000000,0.000000,ntdll,[unknown],0
RtlRetrieveNtUserPfn,0.000000,0.000000,0.000000,0.000000,ntdll,[unknown],0
KiUserCallbackDispatcher,0.000000,0.042244,0.000000,0.001386,ntdll,[unknown],0
RtlInitString,0.400250,0.400250,0.013134,0.013134,ntdll,[unknown],0
aullshr,0.038152,0.038152,0.001252,0.001252,ntdll,[unknown],0
bsearch,0.000000,0.000000,0.000000,0.000000,ntdll,[unknown],0
memcpy,0.000000,0.000000,0.000000,0.000000,ntdll,[unknown],0
memmove,0.000000,0.000000,0.000000,0.000000,ntdll,[unknown],0
memset,0.000000,0.000000,0.000000,0.000000,ntdll,[unknown],0
wcstok_s,0.000000,0.000000,0.000000,0.000000,ntdll,[unknown],0
RtlInterlockedCompareExchange64,0.009053,0.009053,0.000297,0.000297,ntdll,[unknown],0
RtlCaptureContext,0.000000,0.046983,0.000000,0.001542,ntdll,[unknown],0
NlsMbCodePageTag,0.000000,0.046983,0.000000,0.001542,ntdll,[unknown],0
[A6FB1271],0.000000,0.036064,0.000000,0.001183,ntdll,,0
